time,CC_IDs
0.000000,
1.000000,
2.000000,
3.000000,
4.000000,
5.000000,
6.000000,
7.000000,
8.000000,
9.000000,
10.000000,
11.000000,
12.000000,
13.000000,
14.000000,
15.000000,
16.000000,
17.000000,
18.000000,
19.000000,
20.000000,
21.000000,
22.000000,
23.000000,
24.000000,
25.000000,
26.000000,
27.000000,
28.000000,
29.000000,
30.000000,
31.000000,
32.000000,
33.000000,
34.000000,1445;1444
35.000000,
36.000000,1592
37.000000,1698;1693;1708;1711;1709;1699;1710;1688;1692
38.000000,1821;1820;1846;1803;1809;1797;1804;1810;1839;1798;1838
39.000000,1906;1907;1960;1926;1938;1946;1887;1921;1862;1954;1955;1875;1863;1941;1920;1975;1974;1918;1874;1886;1919;1947;1940;1939;1927
40.000000,2038;2031;2044;2071;2070;2019;2043;2061;2020;2041;2032;2078;2054;2042;2069;2053;2063;2072;2037
41.000000,2185;2224;2161;2244;2179;2169;2186;2153;2127;2205;2198;2206;2250;2170;2197;2210;2215;2125;2236;2103;2162;2180;2239;2172;2089;2154;2216;2171;2237;2223
42.000000,2341;2388;2304;2334;2366;2367;2305;2389;2324;2308;2357;2319;2352;2356;2296;2310;2353;2382;2315;2383;2295;2318;2311;2384;2340;2325;2385;2274;2335;2309;2297;2314
43.000000,2483;2491;2517;2481;2534;2530;2527;2531;2503;2511;2522;2535;2475;2482;2518;2526;2523;2464;2508;2510;2465;2457;2458;2463;2484;2468;2528;2480;2467;2552;2494;2525;2495;2440;2509;2476;2555;2490;2516;2466;2485;2550;2529
44.000000,2674;2667;2673;2570;2695;2725;2633;2607;2629;2676;2606;2724;2630;2696;2733;2583;2560;2646;2600;2712;2711;2634;2721;2666;2594;2668;2693;2642;2601;2732;2702;2718;2643;2641;2644;2688;2665;2716;2701;2730;2645;2585;2613;2689;2719;2690;2616;2617;2694;2612;2687
45.000000,2834;2810;2820;2829;2787;2811;2839;2858;2832;2833;2782;2850;2808;2891;2848;2885;2815;2803;2825;2843;2821;2917;2830;2916;2791;2903;2881;2930;2824;2888;2813;2889;2842;2897;2838;2870;2828;2831;2835;2880;2804;2910;2794;2929;2809;2776;2874;2875;2928;2931;2806;2871;2802;2812;2851;2884;2922;2795;2805;2781;2859;2890;2807;2849;2898;2904;2906
46.000000,3034;3069;3103;3018;2975;2979;2989;3080;3036;3035;3026;3087;3045;3089;2988;3086;3038;3088;3005;3037;3060;3013;3052;3004;3077;3064;3055;2984;3070;3075;3102;3063;2978;2899;3108;3007;3051;3078;3046;3022;3003;3095;3068;3012;3090;3056;3098;3097;3014;3096;3079;3076;3059;3011;3033;3002;3017;3021
47.000000,3223;3254;3182;3258;3225;3191;3169;3220;3172;3163;3186;3224;3164;3212;3230;3147;3192;3165;3227;3181;3155;3231;3226;3241;3193;3134;3178;3208;3170;3166;3152;3255;3239;3213;3237;3221;3234;3240;3177;3248;3238;3235;3180;3185;3171;3232;3209;3222;3196
48.000000,3424;3382;3370;3343;3373;3349;3415;3414;3390;3335;3394;3337;3267;3318;3449;3425;3363;3275;3299;3391;3293;3419;3330;3360;3383;3327;3404;3392;3385;3436;3329;3362;3297;3348;3358;3379;3420;3426;3405;3347;3450;3427;3431;3328;3346;3384;3393;3357;3369;3350;3435;3374;3380;3331;3351;3359;3361;3437;3418;3326;3439;3336;3446;3292;3421;3342;3356;3332
49.000000,3539;3511;3680;3693;3603;3509;3528;3629;3643;3657;3611;3560;3552;3553;3580;3482;3550;3559;3500;3592;3666;3594;3684;3669;3667;3614;3595;3593;3601;3637;3600;3607;3610;3583;3535;3589;3606;3587;3581;3468;3602;3635;3557;3636;3658;3651;3556;3679;3561;3628;3588;3554;3617;3558;3540;3694;3497;3555;3616;3668
50.000000,3808;3753;3752;3818;3720;3809;3771;3787;3817;3841;3855;3853;3835;3795;3807;3776;3780;3794;3863;3796;3852;3756;3770;3840;3816;3757;3769;3717;3834;3743;3881;3784;3806;3865;3777;3761;3742;3768;3747;3766;3854;3869;3864;3779;3760;3746;3729;3845;3786;3778;3781;3819;3767
51.000000,4031;3976;3921;4049;3978;4022;3984;3951;3961;3904;3932;4054;3948;3946;3947;3977;3956;3952;3927;3925;3928;3953;3938;3985;4011;3965;4056;3929;3950;3995;3960;3944;3963;3924;3970;3926;3986;3933;3964;3979;3939;3949;3971;3945;3987;3957;3994;4010
52.000000,4136;4259;4119;4130;4097;4224;4245;4214;4253;4198;4237;4215;4260;4168;4108;4225;4241;4189;4211;4158;4199;4223;4148;4228;4165;4236;4208;4227;4209;4159;4197;4149;4188;4229;4222;4190;4226;4107;4147;4146;4164;4157;4137;4156;4244
53.000000,4305;4333;4387;4380;4396;4347;4405;4383;4191;4350;4362;4328;4329;4425;4390;4421;4373;4326;4342;4332;4426;4349;4381;4348;4345;4363;4327;4404;4344;4406;4411;4391;4343;4346;4365;4304;4351;4382;4395;4407
54.000000,4555;4488;4568;4554;4552;4540;4493;4539;4480;4492;4473;4544;4470;4543;4557;4553;4512;4525;4520;4515;4556;4516;4519;4494;4487;4511;4562;4569
55.000000,4745;4764;4809;4811;4815;4723;4702;4680;4760;4712;4807;4711;4660;4740;4687;4829;4794;4733;4713;4737;4696;4805;4679;4718;4770;4769;4714;4682;4808;4732;4819;4684;4690;4649;4758;4813;4830;4709;4744;4661;4810;4624;4833;4777;4759;4736;4701;4663;4757;4695;4683;4766;4710;4761;4652;4698;4724;4768;4804;4689;4603;4662;4806;4681;4797;4765;4648;4697;4741;4688;4717;4615
56.000000,4971;4978;4939;4951;4977;4969;5011;4875;4893;4931;4988;4938;4876;4940;4955;4954;4914;4974;4967;4948;4915;4994;4865;4946;5010;4965;4976;4966;4975;4898;4942;4941;4947;4992;4979;4993;4890;4929;4930;4928;4962;4949;5001;4991;4883;4989;4884;5006;4897;4943;4894;5005;4841;5014;5016;4923;4963;5000;4968;4970
57.000000,5231;5150;5113;5264;5246;5152;5196;5233;5207;5131;5135;5129;5206;5130;5200;5219;5106;5250;5189;5100;5134;5141;5197;5119;5097;5111;5255;5229;5118;5227;5175;5182;5137;5235;5091;5098;5171;5017;5136;5249;5139;5087;5203;5101;5164;5259;5078;5153;5140;5238;5112;5151;5096;5165;5170;5220;5232;5142;5224;5208;5236;5143;5237;5107;5079;5110;5209;5128;5188;5094;5174;5086
58.000000,5379;5334;5377;5358;5373;5336;5310;5354;5326;5312;5435;5335;5455;5394;5305;5353;5398;5308;5433;5337;5418;5445;5328;5389;5437;5325;5366;5419;5290;5399;5376;5436;5447;5395;5327;5382;5413;5430;5365;5313;5345;5319;5355;5434;5408;5329;5349;5304;5369;5410;5466;5432;5309;5393;5407;5324;5368;5344;5402;5378;5412;5444;5348;5415;5431;5372;5332;5311;5352;5464;5383;5414;5403;5298;5367;5454;5409;5411;5392;5333;5451;5364;5406;5458
59.000000,5626;5642;5634;5527;5624;5518;5605;5543;5609;5544;5638;5533;5596;5588;5602;5577;5521;5526;5495;5530;5574;5583;5531;5648;5555;5623;5532;5520;5515;5542;5564;5582;5617;5608;5599;5607;5595;5565;5573;5554;5496;5585;5545;5537;5510;5589;5604;5547;5529;5524;5516;5615;5618;5549;5504;5625;5546;5563;5603;5647;5536;5598;5572;5606;5584;5646;5525;5616;5576;5594;5517;5562;5528;5468;5575;5571
60.000000,5715;5792;5671;5831;5722;5708;5795;5767;5835;5829;5848;5711;5802;5697;5836;5847;5723;5773;5775;5756;5801;5857;5860;5779;5811;5844;5855;5833;5789;5714;5858;5837;5776;5666;5856;5780;5859;5812;5721;5827;5736;5774;5841;5834;5670;5804;5724;5790;5755;5761;5716;5828;5803;5826;5838;5794;5712;5665;5707;5796;5842;5762
61.000000,6031;5977;5957;6033;5913;6003;6053;6004;6061;5930;5967;6008;6057;5934;5903;5941;5982;5936;5980;5943;5986;6062;5933;6046;5966;5942;5985;5947;5928;5999;5981;5958;6000;5972;6005;5968;6037;6044;5975;5880;5971;5950;6024;6034;5944;6065;6045;5949;5983;5946;6010;6023;6009;5976;5924;5911;6038;5935;5984;5948;6056;5978;5965;5945;5992;5883;6043;5979;5991;5916;5929
62.000000,6249;6241;6273;6212;6220;6143;6231;6144;6120;6202;6188;6129;6183;6161;6207;6297;6225;6184;6204;6213;6189;6224;6270;6194;6275;6281;6250;6235;6252;6086;6211;6279;6221;6190;6196;6280;6219;6153;6265;6191;6112;6193;6269;6236;6197;6276;6214;6201;6215;6155;6171;6205;6195;6217;6292;6298;6192;6182;6291;6103;6105;6160;6208;6203;6152;6126;6199;6102;6242;6170;6097;6251;6172;6154;6185;6246;6159;6256;6218;6173;6210;6274;6230;6237;6268;6158;6288;6209;6177;6206;6198;6096
63.000000,6406;6373;6402;6468;6483;6426;6352;6462;6485;6489;6346;6469;6431;6358;6419;6488;6454;6455;6365;6487;6493;6422;6371;6389;6374;6397;6377;6362;6459;6378;6381;6393;6436;6363;6495;6366;6398;6401;6423;6437;6405;6486;6458;6364;6372;6477;6328;6382;6438;6430;6427;6439;6473;6390;6418;6367;6463;6335;6394
64.000000,6689;6647;6666;6603;6679;6639;6687;6642;6585;6590;6586;6697;6555;6661;6696;6574;6549;6688;6678;6664;6652;6593;6610;6635;6580;6629;6662;6594;6559;6573;6673;6579;6554;6711;6604;6672;6636;6619;6646;6686;6557;6582;6638;6616;6630;6648;6609;6660;6575;6581;6663;6645;6589;6640;6651;6628;6576;6618;6710;6665;6606;6706;6641;6558;6637;6482
65.000000,6888;6869;6821;6841;6792;6820;6840;6740;6868;6897;6911;6910;6794;6889;6884;6819;6790;6906;6885;6837;6843;6823;6842;6784;6836;6728;6899;6896;6883;6826;6839;6916;6901;6822;6829;6801;6827;6871;6810;6793;6853;6867;6898;6764;6791;6787;6785;6848;6828;6876;6765;6838;6852;6818
66.000000,7002;6990;6964;7027;7001;7062;6981;6983;7111;7077;7097;6985;7049;7078;7099;6979;7031;7061;7085;7101;7035;7070;7029;7004;7022;6982;7021;7050;7069;7011;7032;7036;6957;7105;7005;7003;7052;7073;7030;7066;7086;7068;7024;7112;6986;7016;7023;7074;7102;7017;7057;7028;7058;6980;7067;7000;6991;6948;7119;7010;7103;7100;6987
67.000000,7188;7176;7214;7247;7191;7203;7215;7232;7233;7177;7283;7282;7231;7222;7264;7209;7189;7190;7167;7246;7230;7237;7181;7224;7236;7132;7223;7186;7187;7265;7202;7208;7252;7268;7185;7271;7180;7184
68.000000,7432;7328;7424;7455;7365;7415;7402;7371;7460;7414;7471;7359;7464;7383;7465;7384;7474;7492;7399;7304;7370;7377;7440;7431;7459;7360;7349;7324;7423;7511;7338;7436;7473;7506;7472;7438;7406;7403;7452;7369;7401;7373;7444;7366;7416;7302;7463;7378;7443;7413;7437;7330;7435;7374;7386;7372;7362;7485;7477;7439;7361;7405;7466;7400;7350;7451;7498;7375;7404;7456;7484;7385
69.000000,7652;7644;7710;7601;7659;7574;7646;7625;7600;7677;7561;7304;7573;7632;7608;7687;7651;7633;7660;7726;7708;7593;7613;7592;7626;7678;7669;7698;7624;7637;7732;7587;7612;7572;7546;7645;7609;7699;7713;7711;7680;7627;7586;7679;7636;7575;7557
70.000000,7790;7835;7836;7935;7798;7304;7908;7898;7871;7914;7815;7865;7838;7881;7816;7909;7760;7863;7801;7854;7918;7903;7870;7776;7814;7777;7937;7787;7855;7857;7819;7827;7849;7809;7842;7872;7712;7882;7899;7843;7817;7837;7793;7936;7901;7883;7808;7895;7880;7820;7888;7792;7934;7864;7794;7873;7900;7800;7828;7803;7848;7856;7891;7818;7834;7907;7915;7821;7862;7829;7786;7799;7889;7795;7906;7839;7826;7890;7919;7802
71.000000,8086;8006;8089;7960;8107;8129;8057;8008;8055;8109;7972;8124;8110;8017;8088;8047;8046;8011;8100;8032;8018;8058;8087;8023;8131;8079;8005;8024;8070;8091;8083;8078;8071;7973;8012;8007;7978;8099;8031;8095;8064;8048;8090;8030;8051;8056;8082;7304;8063
72.000000,8226;8345;8293;8216;8173;8259;8280;8236;8260;8338;8285;8261;8292;8316;7304;8274;8340;8321;8332;8234;8357;8252;8328;8343;8241;8295;8233;8273;8275;8304;8262;8281;8309;8235;8251;8344;8331;8327;8308;8336;8317;8305;8242;8215;8339;8248;8320;8232;8294;8333;8225;8276;8247;8334;8171;8177
73.000000,8438;8510;8512;8524;8567;8434;8474;8461;8517;8446;8422;8497;8391;8540;8485;8454;8508;8386;8541;8430;8475;8477;8579;8548;8470;8522;8547;8560;8472;8467;8466;8546;8553;8482;8432;8496;8529;8480;8433;8561;8471;8464;8444;8445;7304;8563;8462;8549;8494;8513;8481;8390;8451;8495;8449;8431;8452;8465;8450;8562;8435;8523;8443;8509;8484;8479;8473;8436;8535;8437;8530;8476;8429;8544;8528;8573;8453;8525;8483;8511
74.000000,8694;8624;8650;8622;8644;8733;8686;8668;8625;8724;8651;8774;8745;8693;8670;8672;8614;8645;8623;8720;8699;8697;8734;8718;8698;8768;8692;8681;8664;8749;8628;8732;8673;8750;8680;8723;8766;8620;8736;8706;8730;8717;8776;8735;8634;8669;8753;8659;8667;8731;8754;8719;8772;8665;8709;8687;8729;8770;8695;8707;8757;8793;8690;8691
75.000000,8874;8982;8868;8894;8967;8911;8838;8835;8873;8919;8896;8976;8981;9006;8977;8906;9013;8966;8862;8988;8934;8940;8978;8975;8956;8905;8942;8891;8895;8929;8830;8857;8931;8915;9002;8907;8935;8968;8901;8989;8920;8959;8939;8893;8916;8969;8866;9010;8930;8948;9014;8817;8932;8892;8763;8858;8908;8855;8900;8999;8861;8829;8879;8941;8865;8880;8933;8899;8965;8912;9003;8867;8947;8960;8983;9000;8902;8964
76.000000,9245;9206;9135;9151;9124;9098;9239;9141;9130;9231;9134;9216;9201;9207;9142;9183;9156;9246;9221;9251;9019;9114;9157;9243;9237;9244;9115;9232;9217;9133;9228;9132;9229;9175;9106;9238;9125;9107;9213;9054;9250;9242;9211;9200;9258;9113;9143;9158;9192;9174;9126;9172;9108;9182;9193;9127;9140;9241;9111;9173;9150;9099;9234;9131
77.000000,9441;9442;9370;9339;9437;9436;9412;9404;9406;9458;9424;9494;9361;9335;9413;9337;9473;9323;9355;9493;9451;9460;9210;9333;9345;9391;9417;9332;9336;9330;9302;9471;9453;9293;9344;9349;9461;9350;9405;9354;9358;9443;9360;9407;9440;9364;9450;9351;9382;9425;9452;9367;9306;9383;9432;9377;9371;9338;9331;9348;9416;9365;9462;9390;9379;9366;9433;9468;9378;9359;9376
78.000000,9625;9520;9567;9546;9657;9592;9484;9574;9673;9646;9676;9613;9558;9660;9552;9662;9675;9623;9689;9622;9652;9659;9697;9680;9661;9653;9603;9687;9569;9541;9641;9583;9651;9590;9686;9568;9578;9565;9577;9564;9696;9663;9666;9571;9681;9656;9531;9559;9688;9566;9648;9582;9570;9511;9658;9586;9538;9682;9672;9674;9640;9647;9624;9555;9642;9649;9690;9579;9650;9575;9593;9591;9587;9643;9615;9542;9614;9602;9539;9530;9576
79.000000,9876;9859;9798;9755;9840;9903;9893;9787;9811;9898;9802;9841;9774;9862;9778;9877;9843;9740;9817;9807;9890;9806;9816;9881;9710;9775;9794;9777;9842;9803;9852;9699;9860;9781;9780;9830;9887;9752;9858;9869;9795;9895;9899;9886;9815;9776;9769;9810;9768;9849;9760;9792;9814;9848;9824;9868;9825;9761;9831;9793;9779;9910;9799
80.000000,10038;10025;10072;10046;10018;10011;10047;10083;10010;10053;10023;10037;10062;10031;10067;10019;10103;10102;10033;9996;10057;10070;9984;10005;10111;10008;9992;10032;10012;9924;9980;9997;10085;10020;10054;10022;9981;10021;10061;10013;9986;9946;9985;9994;10101;10066;10092;10098;10100;9970;10052;9995;9979;9947;10026;10093;10105;9971;10041;9957;10084;10058;10035;9967;10099;10059;9974;10069;10030;10104;10039;9975;10004;10086;10060;10001;10024;10063;10055;10027;9987;9993;10068;10000;10126;10110;9978;10036;10082;10087
81.000000,10273;10245;10310;10201;10293;10221;10253;10239;10252;10223;10275;10277;10210;10200;10240;10236;10307;10222;10272;10284;10305;10338;10268;10337;10235;10207;10232;10244;10329;10278;10279;10265;10274;10306;10339;10282;10193;10231;10214;10342;10333;10209;10318;10040;10208;10276;10264;10269;10330;10323;10298;10283;10285;10334;10319;10247;10246;10292;10121;10304;10224
82.000000,10465;10398;10511;10500;10403;10479;10560;10493;10474;10412;10483;10411;10387;10494;10563;10555;10446;10392;10553;10515;10506;10451;10460;10545;10461;10527;10422;10518;10453;10476;10464;10528;10566;10475;10534;10413;10473;10523;10450;10441;10530;10543;10517;10402;10531;10455;10480;10365;10501;10556;10546;10452;10562;10485;10488;10418;10557;10502;10547;10484;10561;10544;10463;10462;10419;10477;10482;10516;10499;10434;10438;10496;10439;10505;10489;10535;10423;10447;10512;10435;10524;10481;10542;10445;10472;10454;10486;10444;10410
83.000000,10692;10656;10687;10688;10691;10719;10766;10748;10629;10642;10745;10603;10694;10754;10647;10665;10706;10658;10630;10659;10736;10740;10636;10716;10666;10735;10724;10775;10747;10710;10657;10715;10760;10673;10663;10746;10660;10655;10709;10744;10723;10674;10653;10602;10698;10739;10769;10705;10628;10638;10765;10654;10733;10725;10753;10637;10734;10726;10641;10639;10697;10664;10743;10720;10648;10770
84.000000,10912;10914;10939;10860;10839;10859;10845;10827;10913;10996;10865;10866;11002;10929;10943;10862;10841;10966;10940;10941;10935;10880;10980;10974;10894;10900;10902;10951;10911;10936;10884;10938;10965;10873;10881;10842;10833;10921;10962;10868;10869;10878;10931;10895;10901;10920;10846;10834;10910;10942;10893;10892;10840;10861;10832;10937;10872;10934;10976;10979;10950;10968;10879;10945;10903;10871;10928;10915;10889;11003;10870;10885
85.000000,11027;11103;11186;11071;11031;11016;11127;11110;11109;11142;11170;11145;11169;11084;10975;11158;11128;11024;11117;11086;11107;11067;11104;11177;11115;11051;11120;11097;11157;11064;11017;11068;11072;11079;11025;11080;11108;11121;11085;11119;11083;11146;11173;11130;11046;11122;11045;11052;11131;11129;11118;11151;11034;11063;11098
86.000000,11309;11282;11384;11376;11346;11339;11237;11381;11273;11333;11354;11326;11306;11353;11334;11268;11316;11275;11374;11408;11315;11262;11281;11296;11380;11274;11319;11401;11335;11313;11370;11321;11302;11257;11292;11291;11373;11261;11276;11363;11254;11343;11336;11385;11377;11271;11253;11255;11251;11264;11367;11330;11344;11256;11272;11345;11361;11400;11360;11270;11295;11301;11269;11325;11371;11392;11366;11211;11329;11267;11258;11320;11229;11372
87.000000,11558;11467;11493;11470;11471;11520;11457;11562;11517;11550;11551;11554;11489;11459;11458;11409;11497;11522;11466;11434;11521;11552;11498;11456;11503;11519;11447;11542;11501;11451;11462;11553;11491;11448;11443;11454;11504;11490;11515;11516;11502;11481;11473;11463;11492;11474;11557;11494;11455;11482
88.000000,11625;11603;11736;11724;11634;11665;11713;11694;11720;11688;11734;11618;11725;11645;11701;11718;11646;11712;11703;11751;11792;11750;11778;11743;11662;11663;11787;11735;11657;11678;11717;11748;11749;11689;11695;11727;11721;11758;11745;11737;11669;11702;11759;11714;11715;11676;11599;11677;11719;11664;11700;11716;11656;11744;11726;11668
89.000000,12010;11863;11952;11861;11962;12014;11924;11901;11848;11946;11982;11853;11852;11915;11884;11970;11922;11838;11850;11910;11881;11966;11989;11825;11968;11953;11920;11849;11908;11830;11967;11914;11832;11841;11880;11860;11963;11925;11909;11965;11955;11877;11801;11913;11904;11990;11951;11833;11956;11994;11885;11887;11900;11950;11876;11961;11840;11980;11988;11947;11855;11949;11935;11859;11936;11912;11997;11979;11945;11969;11991;11870;11940;11923;11948;11905;11871;11938;11862;11886;11964;11939;11937;11823;11742
90.000000,12160;12178;12088;12075;12057;12147;12175;12101;12126;12154;12168;12091;12123;12083;12090;12150;12085;12186;12124;12093;12188;12082;12098;12074;12170;12125;12163;12050;12169;12161;12133;12066;12089;12196;12129;12100;12092;12171;12134;12151;12155;12146;12099;12187
91.000000,12391;12381;12281;12339;12259;12263;12383;12382;12312;12268;12307;12355;12271;12293;12306;12272;12269;12275;12329;12326;12380;12336;12313;12353;12262;12378;12280;12270;12384;12337;12376;12319;12354;12372;12379;12356;12335;12260;12327;12239;12348;12261;12286;12273;12352;12318;12287;12357;12334;12338;12328
92.000000,12511;12509;12515;12478;12600;12474;12568;12586;12528;12542;12508;12549;12559;12550;12517;12531;12561;12489;12536;12529;12512;12569;12479;12527;12556;12570;12482;12539;12454;12495;12537;12574;12572;12563;12583;12501;12591;12488;12518;12558;12516;12582;12507;12538;12530;12510;12526;12503;12571;12551;12557;12587;12560;12545;12475;12598;12573;12544;12502;12562
93.000000,12785;12518;12753;12543;12766;12747;12657;12724;12604;12710;12692;12752;12726;12717;12731;12696;12801;12788;12690;12805;12677;12654;12808;12786;12760;12697;12709;12775;12666;12718;12773;12678;12728;12719;12767;12789;12755;12797;12722;12665;12774;12681;12715;12698;12702;12746;12770;12723;12751;12741;12685;12701;12669;12691;12720;12729;12748;12754;12695;12782;12745;12682;12655;12725;12756;12759;12802;12732;12776;12721;12742;12769;12798;12781;12716;12787
94.000000,12937;13021;12909;12976;12897;12998;13020;12997;12898;13013;12999;12862;12934;12875;12977;12884;12907;13019;12930;12923;12879;12912;12966;12863;13010;12968;12967;12518;12987;12874;12988;12927;12922;12870;12993;12928;12969;12901;12906;12936;12989;12896;13000;12980;12941;13011;12972;12929;12860;12996;12900;12885;12903;12846;12881;13007;12921;12981;12920;13008;12986;12831;12940;12914;12847;12886;12902;13001;12887;12848;12853;12973;13012;12878;12899;12869;12880;12871;12931;13014;12944;12908;12945;12915;12992
95.000000,13202;13249;13088;13263;13169;13127;13224;13268;13195;13107;13185;13219;13143;13118;13057;13246;13134;13236;13122;13123;13128;13213;13119;13190;13214;13161;13100;12969;13215;13126;13109;13160;13140;13150;13221;13063;13176;13184;13243;12518;13076;13112;13226;13113;13244;13191;13167;13166;13170;13212;13270;13211;13108;13239;13231;13171;13177;13032;13227;13181;13209;13201;13129;13183;13168;13101;13232;13220;13245;13260;13218;13204;13194;13225;13223;13135;13210;13197
96.000000,13413;13348;13494;13481;13488;13453;13463;13336;13420;13403;13387;13402;13385;13491;13434;13345;13362;13497;13390;13288;13384;13480;12518;13431;13347;13443;13363;13425;13391;13520;13435;13300;13507;13382;13451;13350;13490;13442;13351;13437;13456;13432;13446;13466;13383;13337;13412;13457;13267;13450;13447;13465;13433;13428;13421;13449;12969;13357;13448;13426;13424;13489;13429;13464;13479;13346;13353;13495;13486;13349;13452;13436;13430;13356;13335;13341
97.000000,13635;13660;13664;13644;13725;13590;13618;13683;13744;13755;13709;13611;13656;13565;13597;13676;13729;13665;13747;13691;13638;13560;13628;13607;13634;13658;13695;13692;13619;13661;13708;13564;13671;13639;13724;13728;13666;13591;13732;13746;13521;13606;13677;13652;13688;13690;13589;13667;13645;13670;13659;13657;12969;13616;13693;13733;13694;13760;13610;13689;13717;13682;12518;13617;13653
98.000000,13845;13899;13768;13886;13897;13922;13963;13920;13862;13919;13832;13889;13912;13907;13933;13786;13908;13833;13865;13829;13864;13941;12969;13820;13898;13819;13812;13852;13901;13837;13851;13849;13952;13844;13795;13797;13822;13834;13830;13866;13793;13843;13823;13850;13824;13878;13835;13879;13801;13800;13838;13881;13934;13932;13931;13884;13877;13821;13791;13811;13883;13911;13806;13807;13861;13863;13846;13805;13792;13808;13870;13789;13880;13913;12518;13914;13869;13890;13900;13836;13831;13885
99.000000,14106;14036;14049;14028;14024;14058;14086;14008;14125;14076;14088;14048;14050;14069;12518;14097;14082;14019;14075;14077;14118;13987;14123;14020;14052;14081;14029;14103;14117;14093;14061;14084;14030;14105;14057;14131;14060;14051;14085;13989;14059;14083;14087;14120;14124;14053;14121;14078;14094;14027;14070;14047;14062;14067;14023;14111;14010;14119;14054;12969;14068
100.000000,14244;14324;14320;14307;14172;14225;14254;14226;14233;14210;14234;14237;14185;14253;14167;14218;14216;14211;14291;14293;14271;12518;14272;14200;14243;14292;14227;14231;14306;14194;14249;14316;14275;14280;14268;14180;14238;14273;14199;14283;14228;14274;14217;14266;14232;14181;14281;14315;14325;14184;14269;14138;14267;14303;14209;14193;14302;14155;14317;14290;14321;14248;12969;14247;14330;14150;14270;14250
101.000000,14435;14424;14478;14518;14494;14438;14138;14397;14445;14499;14459;14500;14420;14520;14388;14452;14446;14421;14504;12969;14442;14429;14431;14460;14410;14496;14371;14502;14381;14361;14493;14395;14391;14477;14495;14447;14419;14390;14503;14432;14436;14416;14519;14430;14437;14415;14400;14423;14398;14443;14403;14394;14402;14451;14508;14481;14448;14389;14396;14441;14482;14422;14401;14411;14363;14501;14444
102.000000,14673;14700;14706;14634;14667;14602;14672;14626;14705;14603;14697;14712;14658;14671;14606;14604;14610;14694;14686;14575;14674;14696;14680;14597;14593;14722;14601;14587;14710;14707;14598;14692;14623;14651;14711;14668;14619;14691;14633;14652;14685;14625;14709;14649;14642;14655;14609;14584;14695;14698;14594;14650;14708;14641;14628;14679;14605;14701;14702;14620;14624;14138;14627
103.000000,14891;14815;14860;14796;14797;14935;14901;14933;14828;14869;14786;14138;14878;14813;14820;14823;14827;14892;14837;14774;14854;14884;14934;14877;14853;14836;14913;14954;14941;14800;14814;14875;14903;14833;14824;14866;14850;14940;14834;14859;14838;14816;14900;14852;14897;14799;14802;14849;14904;14792;14819;14907;14864;14870;14894;14851;14883;14879;14898;14804;14908;14921;14902;14876;14803;14899;14762;14880;14790;14801;14847;14793;14944;14835;14863;14922
104.000000,15028;15034;15010;15001;15027;14997;15047;15022;15076;15159;15067;15030;15077;15087;15151;15139;15049;15024;14996;15126;15133;15105;15073;15132;15043;15134;15145;15017;15060;14138;15092;14977;15019;15021;15057;15094;15020;15023;15140;15072;15064;15035;15115;15148;14865;15044;15129;15084;15048;15108;15127;15122;15005;14991;15114;15066;15085;15056;15158;15104;15065;15046;15093;15031;14994;15098;15045;15086;15099;15128;15061;14992;15109
105.000000,15279;15307;15274;15390;15286;15296;15222;15243;15264;15380;15370;15317;15386;15311;15308;15300;15324;15381;15244;15397;15298;15309;15332;15299;15326;15393;15292;15216;15330;15306;15278;15293;15333;15275;15348;15327;15242;15245;15183;15233;15312;15310;15372;15349;15234;15387;15313;15351;15320;15297;15301;14138;15384;15331;15185;15341;15211;15316
106.000000,15473;15536;15554;15461;15477;15529;15416;15511;15532;15526;15483;15528;15566;15521;15476;15518;15486;15479;15441;15453;15467;15460;15445;15472;15531;15530;15527;15552;15501;15500;15535;15539;15548;15565;15537;15482;14138;15466;15570;15562;15474;15478;15411;15538;15555;15542;15553;15510;15519;15533;15549;15475;15520;15563;15564;15487
107.000000,15656;15741;15728;15685;15748;15651;15666;15732;15707;15679;14138;15725;15649;15756;15731;15802;15773;15742;15832;15828;15706;15769;15708;15755;15726;15696;15680;15654;15750;15720;15694;15770;15727;15819;15803;15655;15758;15705;15749;15702;15653;15693;15759;15752;15820;15716;15760;15715;15686;15650;15745;15719;15634;15757;15774;15835;15658;15817;15665;15695;15746
108.000000,15916;15905;16007;15921;15986;15912;15888;15979;15965;15949;15990;15890;15909;15913;15998;15902;15903;15963;15940;15891;15915;15911;15910;15875;15917;15961;15987;15896;15948;15932;15942;15991;15933;15964;16001;16016;15928;15946;15978;15929;15992;15920;15914;15993;15980;15962;15970;15981;15960;15983
109.000000,16170;16178;16180;16200;16177;16163;16151;16220;16216;16198;16130;16044;16224;16154;16118;16108;16128;16207;16181;16063;16155;16098;16152;16069;16081;16099;16227;16123;16135;16204;16122;16162;16119;16148;16129;16127;16149;16060;16054;16045;16124;16226;16176;16140;16182;16125;16131;16141;16134;16109;16064;16150
110.000000,16347;16314;16316;16374;16387;16352;16376;16244;16354;16386;16368;16375;16311;16353;16300;16305;16350;16355;16312;16273;16405;16394;16317;16390;16377;16351;16297;16380;16346;16296;16332;16315;16313;16282;16304;16381;16396;16407;16310;16395;16287;16369;16393;16301;16391;16447;16290;16333
111.000000,16613;16489;16625;16675;16644;16566;16591;16573;16635;16655;16513;16658;16646;16596;16574;16486;16594;16564;16600;16641;16533;16539;16558;16614;16626;16565;16645;16636;16540;16569;16570;16490;16546;16642;16542;16605;16535;16578;16661;16588;16560;16582;16541;16612;16563;16557;16536;16624;16587;16545;16534;16599;16629;16505;16531;16585;16506;16623;16643;16592;16522;16595;16532;16593;16559;16586;16510
112.000000,16880;16795;16885;16799;16744;16926;16731;16791;16921;16895;16827;16886;16866;16845;16838;16868;16804;16765;16657;16814;16916;16756;16835;16767;16821;16722;16798;16837;16766;16781;16753;16902;16768;16859;16769;16828;16789;16684;16905;16740;16860;16848;16853;16810;16865;16763;16782;16875;16907;16920;16842;16846;16841;16888;16803;16930;16813;16754;16876;16896;16906;16824;16796;16761;16773;16792;16790;16698;16867;16770;16737;16847;16836;16732;16800;16887;16935;16738;16755;16928;16723;16927;16879;16797;16925;16929;16864;16854;16822
113.000000,17007;17080;16978;16962;16996;17008;17025;17104;17052;17122;16995;17129;17069;17037;17135;16983;17057;17126;17046;17018;17073;16959;17000;17079;16901;17100;17017;17109;17123;16992;17055;16984;17102;17120;17051;17059;17103;17033;17027;17034;16923;17028;17118;17001;17056;17095;17070;17110;17144;17119;17096;17058;17041;17039;17060;17143;17084;17127;17002;16951;16979;17136;17101;17117;17038;17137;17121;17097;16980;17054;17026;17083;17040;17099;17042
114.000000,17317;17298;17222;17342;17308;17352;17262;17215;17265;17275;17370;17237;17235;17327;17221;17366;17360;17328;17301;17203;17256;17251;17292;17223;17266;17291;17336;17351;17271;17252;17365;17318;17278;17161;17290;17279;17238;17287;17261;17294;17269;17341;17346;17297;17259;17277;17348;17313;17272;17197;17349;17307;17283;17319;17260;17322;17280;17255;17304;17288;17320;17347;17270;17276;17345;17199;17314;17148;17321;17236;17302;17289;17293;17303;17285;17284
115.000000,17473;17593;17466;17590;17549;17518;17519;17543;17537;17550;17472;17559;17448;17471;17451;17430;17525;17474;17547;17511;17470;17410;17432;17442;17535;17580;17556;17441;17586;17429;17599;17517;17565;17422;17469;17481;17544;17512;17520;17575;17500;17577;17456;17597;17514;17588;17486;17618;17566;17492;17551;17433;17526;17554;17523;17482;17589;17560;17594;17609;17524;17398;17587;17538;17506;17452;17579;17465;17505;17412;17555;17504;17455;17503;17491;17499;17552;17539;17570;17495;17485;17462;17569;17548;17496
116.000000,17708;17804;17706;17803;17756;17792;17777;17691;17820;17733;17816;17797;17791;17719;17798;17735;17725;17814;17689;17813;17720;17721;17764;17646;17736;17692;17751;17779;17812;17799;17754;17652;17729;17730;17715;17800;17669;17734;17767;17712;17762;17722;17770;17765;17759;17697;17815;17744;17833;17711;17717;17718;17824;17750;17755;17806;17743;17686;17727;17810;17780;17680;17819;17726;17676;17778;17781;17671;17664;17616;17753;17690;17679;17672;17768;17682;17818;17654;17782;17703;17705;17760;17749;17707;17728;17809;17752;17766;17761;17698;17832;17763
117.000000,18021;17961;17989;17988;17958;18051;17931;18020;17863;17951;17943;17985;17968;17937;17990;17976;17930;17929;17986;17945;17952;18067;17963;17994;17933;17919;17964;17949;17978;17898;17957;18061;18063;17920;17907;17946;17934;18041;17969;17939;17973;18016;18001;17890;18022;17962;17970;18017;17948;18035;18018;18039;18025;17975;18042;17913;17983;17903;17974;18026;17904;17932;17995;18015;18070;17950;18002;17967;17899;17984;17944;17914;17996;17993;17977;17881;17902;18027;18062
118.000000,18129;18221;18195;18188;18141;18171;18160;18260;18181;18142;18148;18145;18233;18144;18271;18147;18259;18167;18257;18209;18211;18212;18244;18122;18185;18161;18126;18138;18198;18164;18150;18234;18204;18177;18208;18263;18132;18272;18285;18158;18254;18273;18131;18219;18140;18172;18215;18154;18143;18089;18187;18205;18146;18217;18157;18240;18216;18222;18224;18165;18196;18258;18137;18206;18291;18239;18223;18162;18210;18220;18111;18253;18218;18178;18186;18243;18207;18054;18168;18166;18159;18203;18117;18153;18120;18180;18182;18163
119.000000,18311;18460;18312;18410;18346;18458;18348;18425;18494;18483;18381;18436;18469;18397;18386;18417;18439;18371;18362;18370;18361;18475;18470;18472;18438;18382;18488;18351;18384;18407;18383;18373;18445;18471;18359;18385;18389;18459;18355;18340;18446;18341;18451;18364;18440;18448;18437;18356;18420;18433;18452;18419;18422;18372;18421;18476;18426;18352;18345;18442;18455;18391;18374;18441;18457;18434;18392;18409;18390;18418;18339;18363;18369;18398;18435
120.000000,18714;18720;18722;18647;18620;18625;18706;18673;18593;18590;18721;18603;18654;18728;18667;18627;18666;18599;18570;18687;18604;18695;18613;18669;18636;18682;18626;18661;18506;18637;18631;18585;18684;18616;18644;18565;18708;18686;18623;18649;18608;18648;18645;18553;18592;18573;18646;18516;18652;18723;18624;18735;18527;18584;18679;18622;18696;18576;18694;18707;18651;18633;18632;18594;18672;18556;18655;18697;18582;18665;18664;18586;18703;18640;18614;18678;18607;18579;18650;18600;18514;18701;18660;18572;18685;18578;18641;18715
121.000000,18851;18842;18908;18877;18953;18914;18843;18947;18894;18912;18763;18910;18863;18880;18917;18857;18901;18909;18905;18922;18884;18906;18812;18850;18806;18861;18897;18913;18794;18923;18952;18853;18925;18900;18948;18928;18852;18879;18819;18882;18915;18820;18840;18807;18867;18823;18895;18866;18862;18883;18885;18924;18876;18841;18803;18886;18907;18822;18821;18856;18896;18860;18954;18929;18855;18887;18939;18911;18854;18878;18871;18870;18874;18818;18789
122.000000,19038;19032;19072;19054;19021;19084;19106;19048;19017;18975;19063;19026;19062;19027;19070;19047;19079;19057;19036;19022;19076;19024;19034;19042;19078;19029;19077;19046;19090;19085;19101;19135;19066;19043;19097;19145;19033;19144;19098;19089;19073;19020;19037;19141;19065;19080;19049;19028;19071;19035;19131;19096;19016;19107;19055;19088;19081;19056;19091;19039;19067
123.000000,19330;19221;19227;19271;19252;19331;19209;19196;19328;19257;19295;19275;19192;19219;19278;19282;19286;19321;19208;19279;19217;19237;19281;19315;19256;19285;19215;19287;19216;19313;19226;19299;19272;19249;19251;19298;19248;19266;19231;19182;19258;19253;19220;19270;19163;19214;19259;19168;19280;19236;19317;19230;19304;19255;19250;19303;19274;19283;19316;19327;19267;19284;19254;19294;19218
124.000000,19540;19329;19393;19479;19500;19517;19446;19428;19497;19516;19436;19522;19434;19491;19454;19480;19466;19338;19449;19541;19411;19433;19405;19402;19388;19496;19400;19435;19545;19429;19408;19510;19432;19426;19403;19401;19476;19498;19513;19472;19385;19508;19377;19447;19514;19501;19448;19404;19410;19473;19509;19477;19486;19547;19464;19430;19478;19526;19515;19392;19362;19511;19527;19373;19417;19363;19481;19455;19437;19409;19416;19546
125.000000,19689;19698;19649;19601;19616;19628;19572;19655;19688;19664;19673;19588;19667;19581;19658;19594;19671;19652;19653;19666;19644;19570;19593;19647;19704;19714;19629;19686;19670;19646;19605;19708;19645;19659;19622;19668;19617;19568;19699;19589;19648;19613;19691;19706;19690;19707;19672;19641;19654;19600;19623;19669;19651;19586;19677;19663;19662;19631;19650;19609;19715;19634;19630;19640;19635
126.000000,19788;19825;19812;19676;19794;19909;19807;19813;19863;19883;19857;19879;19885;19871;19790;19842;19882;19834;19884;19913;19792;19818;19844;19787;19906;19856;19840;19841;19786;19862;19880;19897;19874;19886;19895;19896;19806;19764;19839;19809;19803;19907;19793;19843;19765;19789;19854;19868;19647;19808;19887;19845;19819;19847;19796;19802;19831;19838;19733;19795;19779;19875;19830;19835;19908;19797;19846;19855
127.000000,19997;19977;19999;19970;20025;20032;20060;19998;20078;20047;19930;20053;20024;20082;19975;19969;20015;20080;20071;20016;19981;20014;20061;20004;19973;20003;20070;20089;19972;20019;20000;19968;20017;20083;20033;20052;20001;20005;19647;20042;19974;20088;19960;20069;19923;20087;20068;19996;20018;19963;20046
128.000000,20156;20237;20163;20217;20241;20155;20145;20188;20152;20177;20173;20219;20243;20181;20154;20218;20178;20187;20169;20201;20166;20226;20151;20250;20212;20199;20157;20220;20200;20238;20251;20147;20239;20224;20174;20213;20205;20180;20186;20240;20164;20172;20124;20231;20198;20190;20230;20079;19647;20176;20191;20179;20189;20175;20244;20168;20204;20221;20197;20225;20227;20167;20216;20196;20146;20236;20165;20144;20162;20242;20192
129.000000,20397;20368;20398;20385;20341;20304;20427;20370;20424;20342;20408;20331;20324;20414;20310;20422;20105;20352;20312;20290;20295;20384;20396;20438;20399;20301;20419;20299;20371;20415;20344;20311;20353;20366;20426;20300;20339;20411;20297;20334;20306;20372;20377;20409;20417;20327;20393;20291;20375;20361;20403;20405;20404;20335;20374;20402;20325;20320;20376;20367;20323;20286;20296;20345;20358;20400;20322;20326;19647;20360;20321;20305;20294;20338;20369;20343;20392;20330;20436
130.000000,20574;20566;20599;20605;20531;20571;20498;20533;20587;20526;20608;20614;20520;20482;20563;20511;20548;20515;20551;20502;20525;20578;20598;20553;20530;20581;20609;20603;19647;20586;20544;20567;20499;20602;20491;20514;20585;20505;20584;20528;20542;20524;20539;20503;20616;20579;20527;20556;20561;20418;20592;20560;20615;20580;20480;20593;20545;20564;20470;20510;20550;20490;20575;20504;20522;20562;20549;20557;20478;20529;20538;20570;20617;20597;20523;20604;20607;20552;20488;20565;20467;20543
131.000000,20749;20744;20668;20748;20755;20769;20736;20759;20677;20717;20737;20734;20732;20746;20705;20667;20715;20666;20694;19647;20741;20747;20716;20761;20743;20651;20720;20713;20688;20689;20697;20745;20721;20726;20659;20671;20760;20731;20685;20727;20696;20669;20740;20676;20730;20658;20679;20695;20735;20678;20765;20754;20714;20704;20733;20687;20750
132.000000,20884;20945;20915;20852;20814;20815;20865;20916;20907;20853;20837;20919;20910;20911;20937;20870;20838;20891;20904;20808;20846;20908;20940;20905;20830;20913;20938;20809;20861;20912;20896;20885;20751;20863;20882;20900;20914;20942;20883;20920;20844;20897;20921;20832;20871;20898;20906;20899;20924;20918;20933;20901;20831;20829;20840;20855;20923;20835;20862;20845;20834;20821;20925;20864;20939;20836;20936;20854;20827;20917;20833;20930;20839;20847;20841;20805;20941;20890;20826
133.000000,21031;21084;21054;21032;21048;21013;21006;21071;21058;21076;21003;20986;21050;21012;20997;20998;21033;21021;20993;21094;21008;20996;21079;21030;21009;21035;21053;21047;21002;21095;21098;21072;20990;21081;21020;21007;21016;21085;21005;21046;21034;20992;21086;21004;21087;21017;20994;21051;21049;21026;21083;21040;20991;20988;21057
134.000000,21155;21188;21180;21140;21230;21220;21175;21166;21178;21218;21189;21208;21151;21144;21146;21183;21195;21153;21177;21136;21173;21207;21165;21156;21213;21196;21145;21198;21184;21160;21179;21193;21181;21191;21219;21157;21204;21197;21150;21154;21201;21187;21152;21176;21135;21190;21194;21217;21182;21158;21202;21148;21226;21159;21214;21203;21192;21138;21228;21143
135.000000,21279;21304;21368;21374;21238;21302;21358;21271;21350;21336;21335;21262;21308;21384;21348;21328;21370;21330;21346;21292;21272;21357;21372;21298;21381;21252;21318;21286;21345;21352;21277;21247;21305;21311;21280;21354;21281;21285;21365;21313;21282;21323;21329;21353;21297;21269;21239;21315;21347;21314;21306;21351;21278;21307;21227;21312;21369;21377;21371;21301;21378;21367;21266;21303;21293;21343;21316;21324;21319;21291;21320;21327;21382;21283;21299;21317;21349;21284;21270;21309
136.000000,21402;21510;21482;21491;21437;21520;21466;21428;21456;21427;21480;21453;21528;21409;21495;21501;21434;21494;21485;21438;21505;21517;21448;21507;21444;21430;21512;21420;21508;21534;21458;21476;21443;21469;21471;21479;21459;21396;21509;21502;21405;21506;21399;21454;21467;21496;21414;21499;21461;21474;21462;21511;21460;21404;21463;21472;21410;21486;21447;21455;21465;21473;21457;21492;21468;21440;21500;21481;21439;21519;21504;21493;21503;21470;21419;21464;21515;21518
137.000000,21633;21587;21654;21620;21632;21610;21611;21601;21618;21612;21616;21590;21591;21614;21609;21650;21606;21634;21527;21617;21631;21553;21555;21569;21565;21564;21613;21588;21597;21547;21549;21624;21600;21594;21584;21651;21554;21581;21577;21598;21628;21578;21652;21615;21657;21627;21644;21583;21648;21593;21592;21602;21580;21582;21579;21599;21635
138.000000,21773;21692;21689;21749;21754;21725;21696;21717;21752;21695;21685;21760;21702;21699;21669;21726;21729;21750;21736;21714;21700;21751;21755;21772;21687;21721;21737;21748;21716;21771;21775;21739;21690;21723;21768;21735;21734;21701;21691;21776;21767;21730;21713;21740;21738;21765;21715;21694;21757;21724;21746;21759;21693;21718;21697;21698;21758
139.000000,21856;21801;21864;21861;21817;21832;21830;21871;21874;21815;21854;21859;21822;21862;21866;21829;21840;21855;21826;21843;21846;21818;21850;21847;21858;21799;21813;21806;21831;21835;21800;21819;21804;21837;21848;21825;21834;21860;21853;21802;21814;21807;21821;21833;21857;21870;21808;21820;21839;21810;21838;21809;21845;21849;21795;21865
140.000000,21921;21963;21946;21981;21942;21948;21908;21904;21927;21926;21953;21943;21956;21918;21979;21925;21924;21949;21966;21964;21990;21986;21947;21961;21898;21993;21917;21922;22002;21950;21952;21977;21915;21955;21938;21976;21875;21910;21944;21919;21974;21907;21902;21978;21933;21975;21934;21980;21987;21989;21954;21951;21916;21930;21965;21928;21914;21923;21937;21901;21941;21920;21945
141.000000,22043;22062;22033;22064;22038;22054;22026;22031;22019;22044;22048;22024;22025;22013;22027;22017;22053;22023;22052;22066;22042;22030;22032;22041;22034;22046;22045;22036;22051;22035;22028;22049;22014;22037;22047;22029
142.000000,22149;22092;22102;22133;22155;22101;22116;22105;22150;22095;22138;22107;22129;22120;22144;22121;22134;22130;22088;22126;22152;22164;22132;22123;22154;22117;22114;22079;22119;22161;22104;22096;22127;22110;22085;22146;22140;22145;22148;22087;22163;22135;22091;22131;22109;22143;22128;22124;22118;22151;22083;22113;22139;22093;22137;22115;22125;22106;22103;22100;22147;22086;22136;22111;22122
143.000000,22220;22211;22222;22234;22204;22206;22215;22213;22198;22216;22219;22183;22210;22212;22218;22187;22190;22208;22189;22186;22182;22200;22193;22180;22196;22191;22205;22192;22199;22237;22209;22203;22217;22197;22188;22214;22221;22224;22227;22239;22195;22194;22184
144.000000,22304;22290;22297;22308;22318;22289;22311;22276;22301;22302;22303;22284;22270;22314;22281;22298;22296;22269;22258;22268;22283;22317;22278;22280;22307;22279;22306;22263;22240;22271;22292;22286;22285;22300;22266;22282;22291;22305;22275;22299;22295;22312;22293;22287
145.000000,22347;22348;22360;22355;22332;22366;22373;22349;22356;22345;22352;22346;22342;22371;22343;22353;22341;22340;22362;22351;22344;22339;22368;22374;22359;22367;22361;22364;22350;22337
146.000000,22410;22426;22403;22402;22428;22420;22398;22419;22397;22431;22392;22411;22386;22409;22406;22413;22383;22401;22404;22407;22418;22389;22424;22425;22423;22390;22421;22408;22405;22393;22395;22391;22394;22412;22422
147.000000,22468;22462;22448;22439;22454;22452;22453;22464;22465;22466;22446;22470;22444;22440;22449;22451;22447;22467;22441;22443;22445;22463;22459;22438;22450;22460;22434;22456
148.000000,22498;22504;22485;22510;22481;22496;22488;22494;22493;22503;22501;22489;22506;22479;22507;22502;22482;22490;22486;22497;22487;22505;22483
149.000000,22530;22523;22528;22524;22521;22520;22517;22529;22526;22525;22527;22518;22519;22522
150.000000,22552;22550;22547;22535;22540;22549;22542;22546;22534;22539
151.000000,22561;22562;22563
152.000000,22566
153.000000,22583;22582;22580;22584;22581
154.000000,22588;22590;22595;22589;22596;22598
155.000000,22601;22602;22604;22606;22599;22603
156.000000,22610;22608;22607;22609;22605
157.000000,22616;22615
158.000000,22626;22625;22624;22623
159.000000,22635
160.000000,22642;22643;22637;22644;22641
161.000000,22645;22646;22649;22647;22651;22648;22650
162.000000,
163.000000,22655;22654
164.000000,22663;22658;22662;22664;22660;22661;22666;22665
165.000000,22670;22673;22672;22674;22669;22671
166.000000,22675;22676
167.000000,22678;22677
168.000000,22679
169.000000,
170.000000,
171.000000,22682;22681
172.000000,
173.000000,
174.000000,
175.000000,
176.000000,
177.000000,
178.000000,
179.000000,
180.000000,
181.000000,
182.000000,
183.000000,
184.000000,
185.000000,
186.000000,
187.000000,
188.000000,
189.000000,
190.000000,
191.000000,
192.000000,
193.000000,
194.000000,
195.000000,
196.000000,
197.000000,
198.000000,
199.000000,
200.000000,
201.000000,
202.000000,
203.000000,
204.000000,
205.000000,
206.000000,
207.000000,
208.000000,
209.000000,
210.000000,
211.000000,
212.000000,
213.000000,
214.000000,
215.000000,
216.000000,
217.000000,
218.000000,
219.000000,
220.000000,
221.000000,
222.000000,
223.000000,
224.000000,
225.000000,
226.000000,
227.000000,
228.000000,
229.000000,
230.000000,
231.000000,
232.000000,
233.000000,
234.000000,
235.000000,
236.000000,
237.000000,
238.000000,
239.000000,
240.000000,
241.000000,
242.000000,
243.000000,
244.000000,
245.000000,
246.000000,
247.000000,
248.000000,
249.000000,
250.000000,
251.000000,
252.000000,
253.000000,
254.000000,
255.000000,
256.000000,
257.000000,
258.000000,
259.000000,
260.000000,
261.000000,
262.000000,
263.000000,
264.000000,
265.000000,
266.000000,
267.000000,
268.000000,
269.000000,
270.000000,
271.000000,
272.000000,
273.000000,
274.000000,
275.000000,
276.000000,
277.000000,
278.000000,
279.000000,
280.000000,
281.000000,
282.000000,
283.000000,
284.000000,
285.000000,
286.000000,
287.000000,
288.000000,
289.000000,
290.000000,
291.000000,
292.000000,
293.000000,
294.000000,
295.000000,
296.000000,
297.000000,
298.000000,
299.000000,
300.000000,
301.000000,
302.000000,
303.000000,
304.000000,
305.000000,
306.000000,
307.000000,
308.000000,
309.000000,
310.000000,
311.000000,
312.000000,
313.000000,
314.000000,
315.000000,
316.000000,
317.000000,
318.000000,
319.000000,
320.000000,
321.000000,
322.000000,
323.000000,
324.000000,
325.000000,
326.000000,
327.000000,
328.000000,
329.000000,
330.000000,
331.000000,
332.000000,
333.000000,
334.000000,
335.000000,
336.000000,
337.000000,
338.000000,
339.000000,
340.000000,
341.000000,
342.000000,
343.000000,
344.000000,
345.000000,
346.000000,
347.000000,
348.000000,
349.000000,
350.000000,
351.000000,
352.000000,
353.000000,
354.000000,
355.000000,
356.000000,
357.000000,
358.000000,
359.000000,
360.000000,
361.000000,
362.000000,
363.000000,
364.000000,
365.000000,
366.000000,
367.000000,
368.000000,
369.000000,
370.000000,
371.000000,
372.000000,
373.000000,
374.000000,
375.000000,
376.000000,
377.000000,
378.000000,
379.000000,
380.000000,
381.000000,
382.000000,
383.000000,
384.000000,
385.000000,
386.000000,
387.000000,
388.000000,
389.000000,
390.000000,
391.000000,
392.000000,
393.000000,
394.000000,
395.000000,
396.000000,
397.000000,
398.000000,
399.000000,
400.000000,
401.000000,
402.000000,
403.000000,
404.000000,
405.000000,
406.000000,
407.000000,
408.000000,
409.000000,
410.000000,
411.000000,
412.000000,
413.000000,
414.000000,
415.000000,
416.000000,
417.000000,
418.000000,
419.000000,
420.000000,
421.000000,
422.000000,
423.000000,
424.000000,
425.000000,
426.000000,
427.000000,
428.000000,
429.000000,
430.000000,
431.000000,
432.000000,
433.000000,
434.000000,
435.000000,
436.000000,
437.000000,
438.000000,
439.000000,
440.000000,
441.000000,
442.000000,
443.000000,
444.000000,
445.000000,
446.000000,
447.000000,
448.000000,
449.000000,
450.000000,
451.000000,
452.000000,
453.000000,
454.000000,
455.000000,
456.000000,
457.000000,
458.000000,
459.000000,
460.000000,
461.000000,
462.000000,
463.000000,
464.000000,
465.000000,
466.000000,
467.000000,
468.000000,
469.000000,
470.000000,
471.000000,
472.000000,
473.000000,
474.000000,
475.000000,
476.000000,
477.000000,
478.000000,
479.000000,
480.000000,
481.000000,
482.000000,
483.000000,
484.000000,
485.000000,
486.000000,
487.000000,
488.000000,
489.000000,
490.000000,
491.000000,
492.000000,
493.000000,
494.000000,
495.000000,
496.000000,
497.000000,
498.000000,
499.000000,
500.000000,
501.000000,
502.000000,
503.000000,
504.000000,
